City_ID,City,Country,Date,Lat,Lng,Max Temp,Humidity,Cloudiness,Wind Speed
0,Albany,US,2020-10-15 05:27:12,42.6,-73.97,50.0,64,72,3.36
1,Dikson,RU,2020-10-15 05:27:12,73.51,80.55,29.25,92,97,21.12
2,Souillac,MU,2020-10-15 05:27:13,-20.52,57.52,78.8,65,40,10.29
3,Aklavik,CA,2020-10-15 05:27:13,68.22,-135.01,17.6,78,90,3.36
4,New Norfolk,AU,2020-10-15 05:27:13,-42.78,147.06,57.99,71,88,1.99
5,Karratha,AU,2020-10-15 05:27:13,-20.74,116.85,95.32,23,0,17.47
6,Cape Town,ZA,2020-10-15 05:22:30,-33.93,18.42,59.0,93,75,16.11
7,Guerrero Negro,MX,2020-10-15 05:27:16,27.98,-114.06,76.68,48,100,1.74
8,Biak,ID,2020-10-15 05:27:16,-0.91,122.88,84.54,69,4,5.77
9,Zhigansk,RU,2020-10-15 05:27:16,66.77,123.37,17.58,91,10,4.59
10,Ushuaia,AR,2020-10-15 05:27:17,-54.8,-68.3,42.8,75,75,27.51
11,Tautira,PF,2020-10-15 05:27:17,-17.73,-149.15,80.6,69,20,12.75
12,Kudahuvadhoo,MV,2020-10-15 05:27:17,2.67,72.89,83.21,76,60,15.59
13,Punta Arenas,CL,2020-10-15 05:27:17,-53.15,-70.92,50.0,57,20,33.33
14,Tasiilaq,GL,2020-10-15 05:27:18,65.61,-37.64,33.8,87,62,1.12
15,Atuona,PF,2020-10-15 05:27:18,-9.8,-139.03,77.92,76,4,21.3
16,Georgetown,MY,2020-10-15 05:27:18,5.41,100.34,87.8,66,20,4.7
17,Nishihara,JP,2020-10-15 05:27:18,26.18,127.76,84.2,45,40,12.75
18,Hithadhoo,MV,2020-10-15 05:27:19,-0.6,73.08,82.83,75,64,12.03
19,Esperance,AU,2020-10-15 05:27:19,-33.87,121.9,62.6,82,90,16.11
20,Victoria,HK,2020-10-15 05:22:21,22.29,114.16,82.0,68,100,3.0
21,Ahipara,NZ,2020-10-15 05:27:20,-35.17,173.17,58.69,65,2,10.27
22,Thompson,CA,2020-10-15 05:27:20,55.74,-97.86,26.6,79,40,12.75
23,Fiumicino,IT,2020-10-15 05:27:20,41.77,12.23,60.8,87,40,11.41
24,Mpika,ZM,2020-10-15 05:27:22,-11.83,31.45,64.94,82,72,11.21
25,Bredasdorp,ZA,2020-10-15 05:27:23,-34.53,20.04,53.6,93,8,4.7
26,Raymond Terrace,AU,2020-10-15 05:27:23,-32.75,151.75,86.0,37,27,16.11
27,Sotouboua,TG,2020-10-15 05:27:23,8.57,0.98,70.57,97,36,2.64
28,Sur,OM,2020-10-15 05:27:24,22.57,59.53,84.97,40,0,17.52
29,Chokurdakh,RU,2020-10-15 05:27:24,70.63,147.92,18.39,97,95,1.39
30,Pontianak,ID,2020-10-15 05:22:32,-0.03,109.33,86.04,64,100,6.55
31,Saskylakh,RU,2020-10-15 05:27:24,71.92,114.08,19.81,96,99,15.28
32,Coihaique,CL,2020-10-15 05:27:25,-45.58,-72.07,41.0,65,34,2.24
33,Buraydah,SA,2020-10-15 05:27:25,26.33,43.98,69.8,43,0,2.24
34,Jamestown,US,2020-10-15 05:23:54,42.1,-79.24,57.99,54,1,9.17
35,Mogadishu,SO,2020-10-15 05:25:17,2.04,45.34,80.6,74,75,11.41
36,Cedar City,US,2020-10-15 05:27:26,37.68,-113.06,55.4,30,1,3.36
37,Minab,IR,2020-10-15 05:27:26,27.15,57.08,84.2,13,0,6.93
38,Hanting,CN,2020-10-15 05:27:26,36.77,119.21,68.47,39,98,6.82
39,Busselton,AU,2020-10-15 05:27:27,-33.65,115.33,64.99,65,5,1.99
40,Olafsvik,IS,2020-10-15 05:27:27,64.89,-23.71,45.82,78,82,18.5
41,Port Alfred,ZA,2020-10-15 05:27:27,-33.59,26.89,65.59,49,0,5.41
42,Shimoda,JP,2020-10-15 05:27:28,34.67,138.95,62.6,93,75,24.16
43,Derzhavinsk,KZ,2020-10-15 05:27:28,51.1,66.32,53.89,38,89,13.09
44,Yellowknife,CA,2020-10-15 05:26:25,62.46,-114.35,25.0,62,75,24.16
45,Baruun-Urt,MN,2020-10-15 05:27:29,46.68,113.28,40.89,58,0,12.55
46,Castro,BR,2020-10-15 05:27:29,-24.79,-50.01,63.23,97,100,4.29
47,Provideniya,RU,2020-10-15 05:27:29,64.38,-173.3,41.0,86,90,13.42
48,Egvekinot,RU,2020-10-15 05:27:29,66.32,-179.17,31.39,99,100,4.36
49,Amapa,BR,2020-10-15 05:27:30,1.0,-52.0,71.46,93,0,3.04
50,Ribeira Grande,PT,2020-10-15 05:27:30,38.52,-28.7,69.24,82,83,5.37
51,Mitu,CO,2020-10-15 05:27:31,1.2,-70.17,72.41,95,45,1.32
52,Danilovka,RU,2020-10-15 05:27:31,50.36,44.12,52.2,66,0,9.35
53,Bengkulu,ID,2020-10-15 05:27:31,-3.8,102.27,84.45,67,96,5.77
54,Mataura,NZ,2020-10-15 05:27:32,-46.19,168.86,60.01,43,0,3.0
55,Tiksi,RU,2020-10-15 05:27:32,71.69,128.87,14.95,96,25,2.84
56,Don Sak,TH,2020-10-15 05:27:32,9.32,99.69,86.0,66,20,9.17
57,Sitka,US,2020-10-15 05:27:32,57.05,-135.33,44.6,81,90,6.93
58,Oskarshamn,SE,2020-10-15 05:27:33,57.26,16.45,44.01,82,100,11.01
59,Niquelandia,BR,2020-10-15 05:27:34,-14.47,-48.46,73.42,70,85,2.17
60,Hermanus,ZA,2020-10-15 05:27:35,-34.42,19.23,57.0,95,2,4.0
61,Airai,TL,2020-10-15 05:27:35,-8.93,125.41,80.51,38,50,5.99
62,Plettenberg Bay,ZA,2020-10-15 05:27:35,-34.05,23.37,63.19,47,0,5.44
63,Moranbah,AU,2020-10-15 05:27:35,-22.0,148.05,83.21,28,11,16.69
64,Yeniseysk,RU,2020-10-15 05:27:36,58.45,92.17,43.25,90,100,12.71
65,Truckee,US,2020-10-15 05:27:36,39.33,-120.18,55.99,49,1,3.56
66,Bambous Virieux,MU,2020-10-15 05:27:36,-20.34,57.76,80.01,65,40,10.29
67,Sovetskiy,RU,2020-10-15 05:27:36,61.36,63.58,35.6,81,0,2.35
68,Qasigiannguit,GL,2020-10-15 05:27:37,68.82,-51.19,35.6,47,4,9.17
69,Saldanha,ZA,2020-10-15 05:27:37,-33.01,17.94,55.4,87,0,8.05
70,Manta,EC,2020-10-15 05:27:37,-0.95,-80.73,73.4,88,90,4.7
71,Hasaki,JP,2020-10-15 05:27:38,35.73,140.83,59.0,100,75,16.11
72,Kapaa,US,2020-10-15 05:27:38,22.08,-159.32,78.8,88,75,4.7
73,Nemuro,JP,2020-10-15 05:27:38,43.32,145.57,53.6,54,75,1.12
74,Pathein,MM,2020-10-15 05:22:43,16.78,94.73,87.15,70,73,4.63
75,Kyra,RU,2020-10-15 05:27:39,49.58,111.98,39.81,63,57,15.48
76,Carnarvon,AU,2020-10-15 05:27:39,-24.87,113.63,77.0,53,10,17.22
77,Hillsborough,US,2020-10-15 05:27:39,37.57,-122.38,71.6,55,1,6.93
78,Rikitea,PF,2020-10-15 05:27:40,-23.12,-134.97,74.01,79,78,17.2
79,Narsaq,GL,2020-10-15 05:27:40,60.92,-46.05,32.0,81,11,3.36
80,Ovsyanka,RU,2020-10-15 05:27:40,55.96,92.55,46.4,65,40,13.42
81,Sergeyevka,KZ,2020-10-15 05:27:40,53.88,67.42,49.66,48,90,12.24
82,Mahebourg,MU,2020-10-15 05:27:41,-20.41,57.7,78.8,65,40,10.29
83,Sao Filipe,CV,2020-10-15 05:27:41,14.9,-24.5,80.35,79,100,6.89
84,Brigantine,US,2020-10-15 05:27:42,39.41,-74.36,62.01,82,1,3.36
85,Nyagan,RU,2020-10-15 05:27:42,62.14,65.39,35.49,80,0,4.68
86,Mackay,AU,2020-10-15 05:27:43,-21.15,149.2,78.8,54,3,21.92
87,Mattoon,US,2020-10-15 05:27:43,39.48,-88.37,68.0,40,1,10.29
88,Hoopstad,ZA,2020-10-15 05:27:43,-27.83,25.91,66.06,46,0,10.74
89,Fortuna,US,2020-10-15 05:23:02,40.6,-124.16,55.4,93,1,8.05
90,Mugur-Aksy,RU,2020-10-15 05:27:44,50.35,90.5,32.58,76,0,6.87
91,Pisco,PE,2020-10-15 05:27:44,-13.7,-76.22,62.6,82,9,6.93
92,Komsomolskiy,UZ,2020-10-15 05:27:44,40.43,71.72,62.6,45,0,2.24
93,Leningradskiy,RU,2020-10-15 05:27:44,69.38,178.42,34.52,85,99,10.33
94,Muros,ES,2020-10-15 05:27:45,42.78,-9.06,48.0,94,12,1.01
95,Torbay,CA,2020-10-15 05:27:45,47.67,-52.73,54.0,93,90,23.04
96,Khatanga,RU,2020-10-15 05:27:45,71.97,102.5,14.02,95,56,8.34
97,Kairana,IN,2020-10-15 05:27:45,29.4,77.2,86.72,29,0,2.64
98,Sistranda,NO,2020-10-15 05:27:46,63.73,8.83,46.4,93,75,11.41
99,Lagoa,PT,2020-10-15 05:27:46,39.05,-27.98,69.01,82,89,6.8
100,Hovd,MN,2020-10-15 05:27:46,48.01,91.64,41.36,51,0,2.84
101,Kavieng,PG,2020-10-15 05:27:46,-2.57,150.8,84.42,68,41,3.96
102,Tucuma,BR,2020-10-15 05:27:47,-0.18,-50.05,78.73,78,1,8.9
103,Moindou,NC,2020-10-15 05:27:47,-21.69,165.68,75.2,69,75,16.11
104,Talnakh,RU,2020-10-15 05:27:47,69.49,88.4,23.0,92,75,24.61
105,Pevek,RU,2020-10-15 05:27:47,69.7,170.31,32.81,91,99,19.1
106,Chuy,UY,2020-10-15 05:27:48,-33.7,-53.46,52.09,95,75,2.51
107,Purpe,RU,2020-10-15 05:27:48,64.48,76.69,33.93,85,0,19.37
108,Beloha,MG,2020-10-15 05:27:48,-25.17,45.05,68.97,70,83,14.45
109,Hobart,AU,2020-10-15 05:24:29,-42.88,147.33,60.8,48,75,23.04
110,Vaini,TO,2020-10-15 05:27:49,-21.2,-175.2,73.4,78,75,8.05
111,Saint-Philippe,RE,2020-10-15 05:27:49,-21.36,55.77,80.6,65,29,13.87
112,Ossora,RU,2020-10-15 05:27:49,59.24,163.07,43.12,94,99,9.1
113,Touros,BR,2020-10-15 05:27:50,-5.2,-35.46,73.4,88,40,5.82
114,Severo-Kurilsk,RU,2020-10-15 05:27:50,50.68,156.12,44.62,72,15,21.68
115,Port Elizabeth,ZA,2020-10-15 05:27:50,-33.92,25.57,57.2,82,0,2.24
116,Lompoc,US,2020-10-15 05:24:00,34.64,-120.46,82.4,72,1,3.36
117,Trelew,AR,2020-10-15 05:24:36,-43.25,-65.31,58.28,32,52,29.48
118,Avera,US,2020-10-15 05:27:52,33.19,-82.53,68.0,79,75,4.7
119,La Carolina,ES,2020-10-15 05:27:52,38.28,-3.62,50.0,68,0,3.24
120,Geraldton,AU,2020-10-15 05:27:52,-28.77,114.6,73.4,49,3,21.92
121,Bagdarin,RU,2020-10-15 05:27:52,54.43,113.6,32.49,79,99,4.16
122,Saint Anthony,US,2020-10-15 05:27:53,45.02,-93.22,46.0,65,90,14.99
123,Mayo,US,2020-10-15 05:27:53,38.89,-76.51,62.6,82,1,12.17
124,Puerto Ayora,EC,2020-10-15 05:27:53,-0.74,-90.35,68.0,98,92,1.99
125,Mtama,TZ,2020-10-15 05:27:55,-10.3,39.37,77.18,55,4,6.35
126,Lasa,IT,2020-10-15 05:27:55,46.62,10.7,42.01,63,40,9.17
127,Luderitz,NA,2020-10-15 05:27:55,-26.65,15.16,70.05,30,0,11.32
128,Saint-Michel-Des-Saints,CA,2020-10-15 05:27:56,46.68,-73.92,39.6,84,86,4.92
129,Tongliao,CN,2020-10-15 05:27:56,43.61,122.27,55.69,34,0,10.18
130,Vao,NC,2020-10-15 05:27:56,-22.67,167.48,71.37,80,100,16.06
131,Axim,GH,2020-10-15 05:27:56,4.87,-2.24,76.91,87,94,8.01
132,Ulladulla,AU,2020-10-15 05:27:57,-35.35,150.47,78.8,54,28,12.75
133,Bilma,NE,2020-10-15 05:27:57,18.69,12.92,81.48,16,19,7.92
134,Kodiak,US,2020-10-15 05:27:57,57.79,-152.41,42.8,87,90,4.7
135,Dehloran,IR,2020-10-15 05:27:57,32.69,47.27,84.15,12,14,2.57
136,Lata,PT,2020-10-15 05:27:58,40.16,-8.33,53.01,93,0,2.59
137,Vardo,NO,2020-10-15 05:27:58,70.37,31.11,39.2,93,40,14.99
138,Nanortalik,GL,2020-10-15 05:27:59,60.14,-45.24,38.44,77,13,5.06
139,Westport,US,2020-10-15 05:27:59,41.14,-73.36,51.8,87,1,2.48
140,Teya,RU,2020-10-15 05:27:59,60.38,92.63,40.1,90,100,8.99
141,Palanga,LT,2020-10-15 05:27:59,55.92,21.07,46.4,93,75,8.05
142,Kropotkin,RU,2020-10-15 05:27:59,45.44,40.58,61.79,78,2,7.34
143,Te Anau,NZ,2020-10-15 05:28:00,-45.42,167.72,52.34,54,0,3.94
144,Rocha,UY,2020-10-15 05:28:00,-34.48,-54.33,50.59,92,40,2.95
145,Golovino,RU,2020-10-15 05:28:00,55.96,40.43,50.56,87,100,4.97
146,Bluff,NZ,2020-10-15 05:28:01,-46.6,168.33,60.01,43,0,3.0
147,Nova Ushytsya,UA,2020-10-15 05:28:01,48.84,27.27,46.0,84,37,5.01
148,Port Hawkesbury,CA,2020-10-15 05:28:02,45.62,-61.35,53.6,87,90,16.11
149,Tabuk,PH,2020-10-15 05:28:02,17.42,121.44,82.51,78,82,2.57
150,Hofn,IS,2020-10-15 05:28:02,64.25,-15.21,43.41,76,87,6.53
151,Poum,NC,2020-10-15 05:28:02,-20.23,164.02,74.79,86,100,16.46
152,Brawley,US,2020-10-15 05:28:03,32.98,-115.53,84.2,29,1,4.7
153,Caala,AO,2020-10-15 05:28:03,-12.85,15.56,63.1,85,100,1.92
154,Iqaluit,CA,2020-10-15 05:28:03,63.75,-68.51,33.8,100,90,14.99
155,Kaitangata,NZ,2020-10-15 05:28:04,-46.28,169.85,51.01,63,0,21.99
156,Jinchang,CN,2020-10-15 05:28:04,38.5,102.17,51.62,39,19,19.22
157,Emerald,AU,2020-10-15 05:28:04,-23.53,148.17,84.2,25,0,9.17
158,Bethanien,NA,2020-10-15 05:28:04,-26.5,17.16,69.49,23,0,4.25
159,Ancud,CL,2020-10-15 05:28:04,-41.87,-73.82,43.0,93,51,4.7
160,Pangnirtung,CA,2020-10-15 05:28:05,66.15,-65.71,33.62,85,99,9.37
161,Butaritari,KI,2020-10-15 05:28:05,3.07,172.79,82.33,74,77,8.23
162,Rawson,AR,2020-10-15 05:28:06,-43.3,-65.1,55.92,38,50,29.75
163,Corralillo,CU,2020-10-15 05:28:06,22.98,-80.59,78.78,84,86,6.8
164,Klaksvik,FO,2020-10-15 05:28:06,62.23,-6.59,42.8,81,91,6.93
165,Forestville,US,2020-10-15 05:28:07,38.85,-76.88,60.01,82,1,5.82
166,Kieta,PG,2020-10-15 05:28:07,-6.22,155.63,81.79,76,56,2.46
167,Kihei,US,2020-10-15 05:28:07,20.79,-156.47,82.4,58,40,8.05
168,Finschhafen,PG,2020-10-15 05:28:07,-6.6,147.87,82.49,77,92,6.53
169,Waingapu,ID,2020-10-15 05:28:08,-9.66,120.26,89.26,50,90,13.98
170,Tilichiki,RU,2020-10-15 05:28:08,60.47,166.1,43.14,97,100,18.86
171,Champerico,GT,2020-10-15 05:28:08,14.3,-91.92,66.0,99,100,8.03
172,Kati,ML,2020-10-15 05:28:09,12.74,-8.07,73.4,88,22,5.82
173,Ostrovnoy,RU,2020-10-15 05:28:09,68.05,39.51,33.78,94,98,4.79
174,Nueva Loja,EC,2020-10-15 05:28:09,0.08,-76.88,69.84,96,65,1.83
175,Ponta Do Sol,PT,2020-10-15 05:28:09,32.67,-17.1,69.8,68,75,6.93
176,Tuktoyaktuk,CA,2020-10-15 05:28:10,69.45,-133.04,24.8,85,90,13.87
177,Shihezi,CN,2020-10-15 05:26:04,44.3,86.03,56.61,37,0,9.15
178,Marysville,US,2020-10-15 05:27:13,48.05,-122.18,50.0,87,1,2.93
179,Vestmannaeyjar,IS,2020-10-15 05:28:11,63.44,-20.27,48.11,80,92,29.39
180,Miyako,JP,2020-10-15 05:28:11,39.64,141.95,58.89,54,75,1.63
181,Dobroteasa,RO,2020-10-15 05:28:12,44.78,24.38,52.0,87,46,8.05
182,Saquarema,BR,2020-10-15 05:28:12,-22.92,-42.51,71.11,91,37,11.63
183,Portland,US,2020-10-15 05:23:30,45.52,-122.68,51.01,71,1,5.95
184,Mar Del Plata,AR,2020-10-15 05:28:13,-38.0,-57.56,51.01,66,0,5.82
185,Parabel,RU,2020-10-15 05:28:13,58.7,81.48,42.31,90,100,16.53
186,Katangli,RU,2020-10-15 05:28:13,51.71,143.23,35.96,76,60,15.03
187,Belaya Gora,RU,2020-10-15 05:28:13,68.53,146.42,21.6,96,99,4.5
188,Barrow,US,2020-10-15 05:28:13,71.29,-156.79,26.6,68,75,6.93
189,Hammerfest,NO,2020-10-15 05:27:08,70.66,23.68,39.2,86,75,14.99
190,Husavik,IS,2020-10-15 05:28:14,66.04,-17.34,41.0,68,0,9.17
191,Hilo,US,2020-10-15 05:28:15,19.73,-155.09,78.8,78,90,7.56
192,Banjarmasin,ID,2020-10-15 05:28:15,-3.32,114.59,78.8,94,40,4.7
193,Cuamba,MZ,2020-10-15 05:28:15,-14.8,36.54,71.29,59,0,7.05
194,Yerbogachen,RU,2020-10-15 05:28:15,61.28,108.01,32.95,94,100,14.76
195,Eirunepe,BR,2020-10-15 05:28:15,-6.66,-69.87,71.15,95,100,1.19
196,Tshela,CD,2020-10-15 05:28:16,-4.98,12.93,71.37,90,100,0.98
197,Fairbanks,US,2020-10-15 05:27:25,64.84,-147.72,24.8,79,90,4.7
198,Vilhena,BR,2020-10-15 05:28:16,-12.74,-60.15,70.72,85,92,1.86
199,Lebu,CL,2020-10-15 05:28:16,-37.62,-73.65,49.84,86,0,13.35
200,Tomatlan,MX,2020-10-15 05:28:16,19.93,-105.25,78.15,83,90,3.09
201,Kavaratti,IN,2020-10-15 05:28:16,10.57,72.64,84.2,74,20,11.41
202,Lavrentiya,RU,2020-10-15 05:28:16,65.58,-171.0,34.52,90,100,12.44
203,Batagay,RU,2020-10-15 05:28:17,67.63,134.63,19.71,93,100,0.29
204,Ekhabi,RU,2020-10-15 05:28:17,53.51,142.97,35.29,75,58,14.07
205,Inhambane,MZ,2020-10-15 05:28:18,-23.86,35.38,71.6,68,40,6.93
206,Lumphat,KH,2020-10-15 05:28:18,13.49,106.98,86.32,72,100,3.11
207,Tual,ID,2020-10-15 05:28:18,-5.67,132.75,81.68,80,99,11.97
208,Bom Jesus,BR,2020-10-15 05:28:19,-9.07,-44.36,75.43,32,0,0.38
209,Mount Isa,AU,2020-10-15 05:28:19,-20.73,139.5,93.2,17,0,5.82
210,Lorengau,PG,2020-10-15 05:28:19,-2.02,147.27,84.9,69,75,6.78
211,Kaka,TM,2020-10-15 05:28:19,37.35,59.61,65.3,25,0,3.78
212,Necochea,AR,2020-10-15 05:28:20,-38.55,-58.74,41.77,81,0,4.03
213,Berlevag,NO,2020-10-15 05:28:20,70.86,29.09,42.8,93,75,19.46
214,Paamiut,GL,2020-10-15 05:28:20,61.99,-49.67,38.17,75,98,10.98
215,Henties Bay,NA,2020-10-15 05:28:20,-22.12,14.28,57.99,93,0,1.77
216,San Cristobal,VE,2020-10-15 05:28:21,7.77,-72.22,64.17,82,49,1.32
217,Viedma,AR,2020-10-15 05:24:24,-40.81,-63.0,42.01,85,0,9.84
218,Pao De Acucar,BR,2020-10-15 05:28:23,-9.75,-37.44,68.79,91,14,4.16
219,Ixtapa,MX,2020-10-15 05:28:23,20.7,-105.2,84.2,79,40,2.24
220,Cap Malheureux,MU,2020-10-15 05:28:23,-19.98,57.61,80.01,62,22,7.0
221,Kireka,UG,2020-10-15 05:28:23,0.35,32.65,66.2,93,75,4.7
222,Vila Velha,BR,2020-10-15 05:28:25,-20.33,-40.29,77.0,88,99,5.82
223,Gazli,UZ,2020-10-15 05:28:25,40.13,63.45,64.96,26,0,12.53
224,Thinadhoo,MV,2020-10-15 05:28:26,0.53,72.93,83.05,75,30,12.28
225,Aksay,RU,2020-10-15 05:28:26,47.26,39.87,57.2,71,20,4.47
226,Lahat,ID,2020-10-15 05:28:27,-3.8,103.53,93.87,44,92,2.93
227,Krabi,TH,2020-10-15 05:28:27,8.07,98.91,78.8,94,75,8.05
228,Boden,SE,2020-10-15 05:28:28,65.83,21.69,33.8,86,2,8.05
229,Bud,US,2020-10-15 05:28:28,39.45,-86.18,69.01,34,75,8.05
230,Miles City,US,2020-10-15 05:28:28,46.41,-105.84,37.4,74,75,8.05
231,Aligudarz,IR,2020-10-15 05:28:29,33.4,49.69,57.7,23,0,2.26
232,Nikolskoye,RU,2020-10-15 05:28:29,59.7,30.79,44.6,70,40,8.95
233,Dogondoutchi,NE,2020-10-15 05:28:29,13.64,4.03,82.78,54,35,8.03
234,Northam,GB,2020-10-15 05:28:29,51.03,-4.22,48.99,80,13,7.0
235,Bathsheba,BB,2020-10-15 05:28:29,13.22,-59.52,73.4,94,20,6.93
236,Hamilton,US,2020-10-15 05:26:22,39.18,-84.53,64.99,59,1,9.17
237,Sfantu Gheorghe,RO,2020-10-15 05:28:30,45.87,25.78,41.0,85,39,4.0
238,Taiobeiras,BR,2020-10-15 05:28:30,-15.81,-42.23,64.96,72,1,4.45
239,Cienfuegos,CU,2020-10-15 05:28:30,22.15,-80.44,77.0,94,20,3.36
240,Matara,LK,2020-10-15 05:27:40,5.95,80.54,83.75,73,74,15.17
241,Yuncheng,CN,2020-10-15 05:28:31,35.02,110.99,61.03,51,100,3.87
242,Diffa,NE,2020-10-15 05:28:31,13.32,12.61,82.09,45,20,7.14
243,Yerofey Pavlovich,RU,2020-10-15 05:28:31,53.97,121.97,34.74,74,16,7.16
244,Rasskazovo,RU,2020-10-15 05:28:32,52.67,41.9,52.99,82,48,4.99
245,Lichuan,CN,2020-10-15 05:28:32,30.3,108.85,51.82,97,100,2.82
246,Abha,SA,2020-10-15 05:28:32,18.22,42.51,64.4,20,0,4.7
247,Sterling,US,2020-10-15 05:28:33,39.01,-77.43,57.99,76,20,10.29
248,Buritizeiro,BR,2020-10-15 05:28:33,-17.35,-44.96,73.98,71,17,4.0
249,Cherskiy,RU,2020-10-15 05:28:34,68.75,161.3,32.25,91,99,6.44
250,Sao Felix Do Xingu,BR,2020-10-15 05:28:34,-6.64,-51.99,73.06,75,0,1.48
251,Kontagora,NG,2020-10-15 05:28:34,10.4,5.47,72.45,94,94,3.13
252,Pahalgam,IN,2020-10-15 05:28:35,34.03,75.33,61.09,29,0,6.69
253,Skjold,DK,2020-10-15 05:28:35,55.8,9.94,44.01,75,82,10.29
254,Bubaque,GW,2020-10-15 05:28:35,11.28,-15.83,82.17,76,99,9.08
255,Badami,IN,2020-10-15 05:28:36,15.91,75.68,78.6,77,84,18.25
256,Payson,US,2020-10-15 05:28:36,40.04,-111.73,55.4,37,1,20.8
257,Aloleng,PH,2020-10-15 05:28:36,16.13,119.78,87.28,70,91,12.91
258,Coquimbo,CL,2020-10-15 05:28:36,-29.95,-71.34,51.8,93,5,2.24
259,Lazarevac,RS,2020-10-15 05:28:37,44.39,20.26,57.2,76,100,8.05
260,Carman,CA,2020-10-15 05:28:37,49.5,-98.0,32.0,75,1,8.05
261,Balkanabat,TM,2020-10-15 05:28:38,39.51,54.37,71.13,20,0,13.44
262,Doctor Juan Leon Mallorquin,PY,2020-10-15 05:28:38,-25.4,-55.27,68.0,100,90,6.93
263,Mosquera,CO,2020-10-15 05:28:38,4.71,-74.23,51.8,87,40,2.24
264,Codrington,AU,2020-10-15 05:28:38,-38.27,141.97,55.09,95,100,14.65
265,Tallahassee,US,2020-10-15 05:26:24,30.44,-84.28,70.0,93,1,1.5
266,Dokka,NO,2020-10-15 05:28:39,60.84,10.06,36.0,83,18,8.01
267,Qaanaaq,GL,2020-10-15 05:28:39,77.48,-69.36,32.2,85,14,8.23
268,Gamba,GA,2020-10-15 05:28:39,-2.65,10.0,74.34,79,97,4.9
269,Asau,RO,2020-10-15 05:28:40,46.43,26.4,46.4,87,18,6.93
270,Nortelandia,BR,2020-10-15 05:28:40,-14.45,-56.8,76.62,63,48,4.97
271,Ayagoz,KZ,2020-10-15 05:28:40,47.97,80.44,53.46,41,0,5.77
272,Linqu,CN,2020-10-15 05:28:40,36.52,118.54,68.0,55,100,1.01
273,Vila,PT,2020-10-15 05:28:41,42.03,-8.16,44.01,92,8,3.49
274,Sioux Lookout,CA,2020-10-15 05:28:41,50.1,-91.92,32.0,93,90,13.87
275,Ahuimanu,US,2020-10-15 05:28:41,21.44,-157.84,80.6,74,90,4.7
276,Kruisfontein,ZA,2020-10-15 05:28:42,-34.0,24.73,61.97,39,0,6.02
277,Constitucion,CL,2020-10-15 05:28:42,-35.33,-72.42,53.69,86,0,3.85
278,Sisimiut,GL,2020-10-15 05:28:46,66.94,-53.67,33.39,88,86,12.15
279,Kamaishi,JP,2020-10-15 05:28:46,39.27,141.88,59.0,44,75,9.17
280,Kitui,KE,2020-10-15 05:28:46,-1.37,38.01,66.49,81,75,6.49
281,Saint George,US,2020-10-15 05:27:28,37.1,-113.58,72.0,16,1,3.36
282,Port Lincoln,AU,2020-10-15 05:28:47,-34.73,135.87,66.11,70,98,15.73
283,Copparo,IT,2020-10-15 05:28:47,44.89,11.82,55.0,10,100,5.99
284,Salalah,OM,2020-10-15 05:25:03,17.02,54.09,82.4,78,0,6.93
285,Pingshan,CN,2020-10-15 05:28:47,22.99,114.71,84.99,61,100,1.99
286,Oranjemund,NA,2020-10-15 05:28:48,-28.55,16.43,62.51,64,0,5.3
287,Bitung,ID,2020-10-15 05:28:48,1.45,125.18,75.2,88,75,4.7
288,Isangel,VU,2020-10-15 05:28:48,-19.55,169.27,80.6,83,90,5.82
289,Dingle,PH,2020-10-15 05:28:49,11.0,122.67,84.6,76,75,5.46
290,Saint-Augustin,CA,2020-10-15 05:28:49,51.23,-58.65,50.47,96,100,11.41
291,Esso,RU,2020-10-15 05:28:49,55.93,158.7,34.16,87,99,8.14
292,Katherine,AU,2020-10-15 05:28:49,-14.47,132.27,100.4,24,99,8.05
293,Bethel,US,2020-10-15 05:28:50,41.37,-73.41,46.99,100,1,1.3
294,Zhuzhou,CN,2020-10-15 05:28:50,27.83,113.15,60.8,100,90,13.42
295,Genhe,CN,2020-10-15 05:28:50,50.78,121.52,35.46,69,69,8.86
296,Hit,IQ,2020-10-15 05:28:50,33.64,42.83,75.27,35,16,13.4
297,Sola,VU,2020-10-15 05:28:51,-13.88,167.55,81.36,76,8,7.34
298,Point Pleasant,US,2020-10-15 05:28:51,40.08,-74.07,59.0,81,1,5.82
299,Svetlyy,RU,2020-10-15 05:28:51,54.67,20.13,48.2,93,75,2.24
300,Pangoa,PE,2020-10-15 05:28:51,-12.12,-73.0,67.15,96,30,2.55
301,Halifax,CA,2020-10-15 05:25:57,44.65,-63.57,48.99,98,35,1.01
302,Tura,IN,2020-10-15 05:28:52,25.52,90.22,88.59,63,6,0.81
303,Ulaanbaatar,MN,2020-10-15 05:26:14,47.91,106.88,39.2,32,0,8.95
304,Port-Cartier,CA,2020-10-15 05:27:00,50.03,-66.87,44.6,100,90,5.82
305,Douglas,US,2020-10-15 05:28:52,41.3,-96.17,51.01,47,1,10.29
306,El Alto,PE,2020-10-15 05:28:53,-4.27,-81.21,62.74,90,57,10.89
307,Kiama,AU,2020-10-15 05:28:53,-34.68,150.87,79.0,70,24,14.0
308,Avarua,CK,2020-10-15 05:28:53,-21.21,-159.78,69.8,60,63,4.7
309,Volkhovskiy,RU,2020-10-15 05:28:53,58.58,31.32,44.76,92,100,11.45
310,Odweyne,SO,2020-10-15 05:28:54,9.41,45.06,75.99,56,0,3.36
311,Kaeo,NZ,2020-10-15 05:28:54,-35.1,173.78,61.0,66,60,8.01
312,Andenes,NO,2020-10-15 05:28:55,69.31,16.12,41.0,86,75,14.99
313,Humboldt,US,2020-10-15 05:28:55,40.67,-123.92,55.4,93,1,8.05
314,Timbiqui,CO,2020-10-15 05:28:55,2.77,-77.67,74.1,93,100,3.04
315,Sao Joao Da Barra,BR,2020-10-15 05:28:56,-21.64,-41.05,72.39,93,41,5.66
316,Faya,SA,2020-10-15 05:28:56,18.39,42.45,64.4,20,0,4.7
317,Petropavlovsk-Kamchatskiy,RU,2020-10-15 05:28:56,53.05,158.65,46.4,61,20,6.71
318,Tabou,CI,2020-10-15 05:28:56,4.42,-7.35,76.24,89,82,6.64
319,Adeje,ES,2020-10-15 05:27:49,28.12,-16.73,72.0,73,20,10.29
320,Balykshi,KZ,2020-10-15 05:28:57,47.07,51.87,59.0,44,71,13.42
321,Prince Albert,CA,2020-10-15 05:28:57,53.2,-105.77,32.0,88,20,12.75
322,Valer,NO,2020-10-15 05:28:57,60.68,11.83,39.2,69,3,8.05
323,Banff,CA,2020-10-15 05:28:58,51.18,-115.57,28.99,77,63,1.01
324,Redditch,GB,2020-10-15 05:28:58,52.31,-1.95,44.01,90,78,1.99
325,Cidreira,BR,2020-10-15 05:28:58,-30.18,-50.21,58.3,89,97,2.55
326,Ruteng,ID,2020-10-15 05:28:58,-8.61,120.47,73.38,85,82,0.94
327,Labrea,BR,2020-10-15 05:28:59,-7.26,-64.8,73.62,87,38,2.68
328,Rocky Mountain House,CA,2020-10-15 05:28:59,52.37,-114.92,33.75,90,100,9.24
329,Grants,US,2020-10-15 05:28:59,35.15,-107.85,51.8,15,1,4.7
330,Cabo San Lucas,MX,2020-10-15 05:25:06,22.89,-109.91,80.01,88,0,6.85
331,Meulaboh,ID,2020-10-15 05:29:00,4.14,96.13,88.21,54,97,4.56
332,Gat,IL,2020-10-15 05:25:03,31.61,34.76,73.0,77,12,4.88
333,Lukang,TW,2020-10-15 05:29:00,24.06,120.44,87.8,58,75,6.93
334,Makakilo City,US,2020-10-15 05:29:00,21.35,-158.09,80.6,69,1,3.36
335,Bundaberg,AU,2020-10-15 05:28:08,-24.85,152.35,79.0,44,6,19.46
336,Chapais,CA,2020-10-15 05:29:01,49.78,-74.85,35.6,100,90,5.82
337,Sinaloa,MX,2020-10-15 05:29:02,25.0,-107.5,84.2,74,5,2.98
338,Winnemucca,US,2020-10-15 05:29:02,40.97,-117.74,48.2,29,1,10.29
339,Kushima,JP,2020-10-15 05:29:03,31.46,131.23,75.2,53,20,9.17
340,Inta,RU,2020-10-15 05:29:03,66.03,60.17,32.04,95,60,17.18
341,Peace River,CA,2020-10-15 05:29:03,56.25,-117.29,32.0,90,90,12.75
342,Mapiri,BO,2020-10-15 05:29:04,-15.25,-68.17,66.83,89,100,2.01
343,Rincon,US,2020-10-15 05:28:17,32.3,-81.24,73.4,88,1,4.7
344,Areosa,PT,2020-10-15 05:29:05,41.72,-8.86,54.0,93,0,3.36
345,Mercedes,AR,2020-10-15 05:29:05,-34.65,-59.43,53.01,85,83,1.01
346,Xuddur,SO,2020-10-15 05:29:05,4.12,43.89,76.15,70,9,12.53
347,Itarema,BR,2020-10-15 05:29:06,-2.92,-39.92,78.3,82,6,14.61
348,Longhua,CN,2020-10-15 05:29:06,23.61,114.19,82.4,60,99,7.07
349,Clyde River,CA,2020-10-15 05:29:06,70.47,-68.59,24.8,100,20,2.24
350,Saint-Francois,FR,2020-10-15 05:29:06,46.42,3.91,39.99,93,20,3.36
351,Atkarsk,RU,2020-10-15 05:29:07,51.87,45.01,51.91,47,0,10.33
352,Liwale,TZ,2020-10-15 05:29:07,-9.77,37.93,74.46,71,24,8.72
353,Iquitos,PE,2020-10-15 05:29:07,-3.75,-73.25,71.76,93,100,2.28
354,Amahai,ID,2020-10-15 05:29:08,-3.33,128.92,82.8,79,65,7.05
355,Kholodnyy,RU,2020-10-15 05:29:08,62.72,147.95,29.23,86,21,2.46
356,Upernavik,GL,2020-10-15 05:29:08,72.79,-56.15,30.04,93,57,1.83
357,Huarmey,PE,2020-10-15 05:29:08,-10.07,-78.15,63.07,83,75,7.38
358,Todos Santos,MX,2020-10-15 05:29:09,23.45,-110.22,79.0,87,11,2.06
359,Krasnogorskiy,RU,2020-10-15 05:29:09,54.6,61.23,51.62,44,89,7.4
360,Zaterechnyy,RU,2020-10-15 05:29:09,44.79,45.21,59.47,84,96,1.66
361,Longyearbyen,SJ,2020-10-15 05:29:09,78.22,15.64,28.4,79,75,2.24
362,Ust-Kulom,RU,2020-10-15 05:29:09,61.69,53.69,32.41,93,0,1.1
363,Mangrol,IN,2020-10-15 05:29:10,21.12,70.12,89.46,40,85,12.39
364,Kita,ML,2020-10-15 05:29:10,13.03,-9.49,74.28,75,1,1.97
365,San Patricio,US,2020-10-15 05:29:10,28.02,-97.52,79.0,88,20,8.05
366,Yar-Sale,RU,2020-10-15 05:29:10,66.83,70.83,34.27,85,20,17.81
367,Yarim,YE,2020-10-15 05:29:10,14.3,44.38,57.99,32,0,4.56
368,East London,ZA,2020-10-15 05:29:10,-33.02,27.91,59.0,82,0,3.36
369,Capitan Bado,PY,2020-10-15 05:29:10,-23.27,-55.53,66.2,90,100,13.62
370,Broome,US,2020-10-15 05:29:11,42.25,-75.83,53.6,50,1,8.05
371,Saint Marys,US,2020-10-15 05:29:11,30.73,-81.55,77.0,83,40,6.93
372,Port Said,EG,2020-10-15 05:29:11,31.26,32.28,78.8,78,20,11.41
373,Sinnamary,GF,2020-10-15 05:29:11,5.38,-52.95,79.23,84,1,10.13
374,Salaga,GH,2020-10-15 05:29:11,8.55,-0.52,73.76,92,89,5.28
375,Vuktyl,RU,2020-10-15 05:29:11,63.86,57.31,32.47,92,4,2.84
376,Biloela,AU,2020-10-15 05:29:11,-24.42,150.5,83.01,26,0,13.51
377,Kulhudhuffushi,MV,2020-10-15 05:29:11,6.62,73.07,82.36,78,62,23.29
378,Matagami,CA,2020-10-15 05:29:11,49.75,-77.63,41.0,80,90,8.05
379,Acapulco,MX,2020-10-15 05:29:12,16.86,-99.89,80.92,83,73,7.02
380,Oktyabrskiy,RU,2020-10-15 05:29:12,54.48,53.47,50.27,46,33,8.28
381,Wattegama,LK,2020-10-15 05:29:12,6.8,81.48,87.8,66,40,14.99
382,Lumberton,US,2020-10-15 05:27:55,34.62,-79.01,57.99,87,1,4.47
383,Goryachegorsk,RU,2020-10-15 05:29:12,55.41,88.92,43.23,72,100,26.22
384,Makushino,RU,2020-10-15 05:29:12,55.21,67.24,48.42,52,100,10.36
385,Bakhmach,UA,2020-10-15 05:29:13,51.18,32.76,47.52,63,0,8.03
386,Margate,GB,2020-10-15 05:29:13,51.38,1.39,51.01,81,100,1.99
387,Reconquista,AR,2020-10-15 05:29:13,-29.15,-59.65,61.52,90,64,1.45
388,Waitati,NZ,2020-10-15 05:29:14,-45.75,170.57,46.99,65,0,32.01
389,Tumut,AU,2020-10-15 05:25:53,-35.3,148.22,72.27,75,57,3.71
390,La Rioja,ES,2020-10-15 05:29:14,42.25,-2.5,44.6,87,40,8.05
391,Vagur,FO,2020-10-15 05:29:15,61.47,-6.81,45.9,67,100,9.13
392,Terrace,CA,2020-10-15 05:29:15,54.52,-128.6,42.8,93,75,3.36
393,Malkangiri,IN,2020-10-15 05:29:15,18.35,81.9,84.47,76,75,0.34
394,Ongandjera,NA,2020-10-15 05:29:15,-17.88,15.07,68.36,34,65,3.89
395,Antsohihy,MG,2020-10-15 05:29:16,-14.88,47.99,81.7,53,19,7.23
396,Prachuap Khiri Khan,TH,2020-10-15 05:29:16,12.22,99.75,89.6,66,40,6.93
397,College,US,2020-10-15 05:29:16,64.86,-147.8,24.8,68,75,3.36
398,Aksarayskiy,RU,2020-10-15 05:29:16,46.79,48.01,59.0,54,100,11.18
399,Dunmore Town,BS,2020-10-15 05:29:16,25.5,-76.65,81.72,78,3,14.23
400,Honiara,SB,2020-10-15 05:29:17,-9.43,159.95,86.0,70,40,3.36
401,Fort Nelson,CA,2020-10-15 05:29:17,58.81,-122.7,26.6,92,90,2.82
402,Raga,SS,2020-10-15 05:29:17,8.46,25.68,70.93,90,62,3.51
403,Steamboat Springs,US,2020-10-15 05:29:17,40.48,-106.83,42.8,24,40,5.82
404,Alofi,NU,2020-10-15 05:29:17,-19.06,-169.92,73.4,73,80,12.75
405,Edwardsville,US,2020-10-15 05:29:17,38.81,-89.95,70.0,46,40,5.82
406,Kumluca,TR,2020-10-15 05:29:18,36.37,30.29,72.07,58,0,2.62
407,Zholymbet,KZ,2020-10-15 05:29:18,51.74,71.71,53.44,42,95,17.02
408,La Paz,BO,2020-10-15 05:25:09,-16.5,-68.15,39.2,66,75,3.36
409,Ponta Delgada,PT,2020-10-15 05:29:18,37.73,-25.67,68.0,88,20,6.93
410,Ballina,AU,2020-10-15 05:29:18,-28.87,153.57,77.0,60,0,10.29
411,Cordoba,AR,2020-10-15 05:29:18,-31.41,-64.18,64.0,82,75,10.29
412,Kununurra,AU,2020-10-15 05:29:18,-15.77,128.73,102.2,16,60,5.82
413,Mindelo,CV,2020-10-15 05:29:19,16.89,-24.98,78.8,83,40,13.87
414,Imbituba,BR,2020-10-15 05:29:19,-28.24,-48.67,66.2,42,75,2.24
415,Inuvik,CA,2020-10-15 05:29:19,68.35,-133.72,17.6,78,90,3.36
416,Catuday,PH,2020-10-15 05:29:19,16.29,119.81,85.41,71,87,10.83
417,Narasannapeta,IN,2020-10-15 05:29:20,18.42,84.05,83.1,79,100,5.32
418,Matiri,TZ,2020-10-15 05:29:20,-10.75,34.9,65.98,79,37,8.61
419,Wajir,KE,2020-10-15 05:29:20,1.75,40.06,78.8,65,26,14.88
420,Buala,SB,2020-10-15 05:25:07,-8.14,159.59,83.53,71,49,2.82
421,Arraial Do Cabo,BR,2020-10-15 05:29:21,-22.97,-42.03,72.19,90,17,18.12
422,Arona,ES,2020-10-15 05:29:21,28.1,-16.68,72.0,73,20,10.29
423,Flin Flon,CA,2020-10-15 05:26:25,54.77,-101.86,24.8,89,76,11.01
424,Banda Aceh,ID,2020-10-15 05:25:44,5.56,95.32,88.02,58,55,12.97
425,Sharan,RU,2020-10-15 05:29:22,54.82,54.0,49.89,47,73,10.13
426,Rio Gallegos,AR,2020-10-15 05:29:22,-51.62,-69.22,51.8,40,79,26.4
427,Ketchikan,US,2020-10-15 05:29:22,55.34,-131.65,39.2,93,1,3.36
428,Bosaso,SO,2020-10-15 05:29:22,11.28,49.18,87.8,58,3,2.39
429,Waddan,LY,2020-10-15 05:29:22,29.16,16.14,69.19,47,0,9.01
430,Port Hardy,CA,2020-10-15 05:29:23,50.7,-127.42,46.4,100,75,3.36
431,Wilmington,US,2020-10-15 05:26:43,34.23,-77.94,63.0,93,1,2.19
432,Santiago De Cao,PE,2020-10-15 05:29:23,-7.96,-79.24,60.89,91,11,8.59
433,Akdepe,TM,2020-10-15 05:29:23,42.06,59.38,60.8,29,0,4.7
434,Hambantota,LK,2020-10-15 05:29:23,6.12,81.12,87.8,66,40,14.99
435,Jalpan,MX,2020-10-15 05:29:23,21.23,-99.48,70.3,81,96,2.39
436,Pacific Grove,US,2020-10-15 05:29:23,36.62,-121.92,64.4,63,1,4.88
437,Svetlogorsk,BY,2020-10-15 05:29:24,52.63,29.73,44.42,80,66,9.06
438,Varnavino,RU,2020-10-15 05:29:24,57.4,45.09,49.57,93,100,6.13
439,Krasnoye-Na-Volge,RU,2020-10-15 05:29:24,57.51,41.24,48.2,100,90,2.24
440,Maragogi,BR,2020-10-15 05:25:37,-9.01,-35.22,74.17,87,3,8.81
441,Srednekolymsk,RU,2020-10-15 05:29:24,67.45,153.68,34.61,81,100,3.13
442,Balkhash,KZ,2020-10-15 05:29:24,46.84,74.98,57.2,41,0,4.47
443,Dukat,RU,2020-10-15 05:29:24,62.55,155.55,30.92,98,100,4.99
444,Togul,RU,2020-10-15 05:29:24,53.47,85.91,49.28,60,100,20.13
445,Cuajinicuilapa,MX,2020-10-15 05:29:25,16.47,-98.42,78.15,88,65,1.05
446,Netrakona,BD,2020-10-15 05:29:25,24.88,90.72,89.1,64,1,4.41
447,Puerto Madero,MX,2020-10-15 05:29:25,14.72,-92.42,77.47,86,100,6.22
448,Muzhi,RU,2020-10-15 05:29:25,65.37,64.67,35.1,81,2,16.15
449,Mendoza,AR,2020-10-15 05:25:46,-32.89,-68.83,68.0,49,40,2.46
450,Faanui,PF,2020-10-15 05:29:26,-16.48,-151.75,79.12,76,43,11.41
451,Flinders,AU,2020-10-15 05:29:26,-34.58,150.86,79.0,62,20,4.0
452,Havre-Saint-Pierre,CA,2020-10-15 05:29:26,50.23,-63.6,42.8,93,90,16.11
453,Ommen,NL,2020-10-15 05:29:27,52.53,6.5,46.99,86,99,3.0
454,Atikokan,CA,2020-10-15 05:29:27,48.76,-91.62,33.91,90,100,14.54
455,Jedburgh,GB,2020-10-15 05:29:27,55.48,-2.55,46.99,92,83,1.99
456,Jangaon,IN,2020-10-15 05:29:28,17.72,79.18,79.32,81,51,8.79
457,Ughelli,NG,2020-10-15 05:29:28,5.49,6.01,72.91,97,99,0.6
458,Praia,CV,2020-10-15 05:29:28,14.92,-23.51,78.8,94,40,6.93
459,Trinidad,BO,2020-10-15 05:29:29,-14.83,-64.9,80.6,55,36,4.16
460,Ust-Kuyga,RU,2020-10-15 05:29:29,70.02,135.6,22.05,96,96,4.16
461,Oga,IT,2020-10-15 05:29:29,46.46,10.35,52.0,86,75,8.05
462,Show Low,US,2020-10-15 05:29:30,34.25,-110.03,62.6,14,1,13.87
463,Bose,IT,2020-10-15 05:29:30,45.46,8.01,52.0,89,100,1.12
464,Bandarbeyla,SO,2020-10-15 05:29:31,9.49,50.81,82.67,70,48,15.55
465,Wanning,CN,2020-10-15 05:29:31,18.8,110.4,81.66,83,100,18.16
466,Acajutla,SV,2020-10-15 05:29:32,13.59,-89.83,70.0,100,95,4.72
467,Tazovskiy,RU,2020-10-15 05:29:33,67.47,78.7,32.59,93,98,21.23
468,Aksu,CN,2020-10-15 05:29:34,41.12,80.26,61.09,29,69,3.18
469,Bellevue,US,2020-10-15 05:25:00,47.61,-122.2,54.0,71,40,3.06
470,Turbat,PK,2020-10-15 05:29:35,26.0,63.04,87.62,11,0,27.45
471,Prabumulih,ID,2020-10-15 05:29:35,-3.45,104.25,92.89,43,98,4.21
472,Los Llanos De Aridane,ES,2020-10-15 05:29:35,28.66,-17.92,71.6,83,75,10.29
473,Altay,CN,2020-10-15 05:29:35,47.87,88.12,45.48,47,0,2.75
474,Pochutla,MX,2020-10-15 05:29:36,15.74,-96.47,78.01,86,18,3.71
475,Marsh Harbour,BS,2020-10-15 05:29:36,26.54,-77.06,80.8,76,0,11.92
476,Ust-Omchug,RU,2020-10-15 05:29:36,61.15,149.63,28.06,91,100,2.48
477,Sechura,PE,2020-10-15 05:29:37,-5.56,-80.82,65.53,79,25,8.52
478,Monrovia,LR,2020-10-15 05:29:37,6.3,-10.8,76.84,86,14,1.66
479,Barroquinha,BR,2020-10-15 05:29:37,-3.02,-41.14,72.73,87,0,6.78
480,Gdynia,PL,2020-10-15 05:29:37,54.52,18.53,50.0,93,75,3.36
481,Oistins,BB,2020-10-15 05:29:37,13.07,-59.53,73.4,94,20,6.93
482,Turiacu,BR,2020-10-15 05:29:38,-1.66,-45.37,74.93,86,0,5.46
483,Tiznit,MA,2020-10-15 05:29:38,29.58,-9.5,60.6,68,99,1.74
484,Turayf,SA,2020-10-15 05:29:38,31.67,38.66,62.6,88,0,13.87
485,Sept-Iles,CA,2020-10-15 05:29:39,50.2,-66.38,44.6,100,90,5.82
486,Ucluelet,CA,2020-10-15 05:26:38,48.93,-125.55,46.99,88,30,8.88
487,Hastings,GB,2020-10-15 05:29:39,50.86,0.57,46.99,92,92,3.0
488,Maniitsoq,GL,2020-10-15 05:29:39,65.42,-52.9,36.63,79,99,15.99
489,Sakaiminato,JP,2020-10-15 05:29:40,35.55,133.23,68.0,49,40,18.34
490,Felanitx,ES,2020-10-15 05:29:40,39.47,3.15,57.2,67,20,4.7
491,Verkhoyansk,RU,2020-10-15 05:29:40,67.54,133.38,20.73,94,100,1.48
492,Norman Wells,CA,2020-10-15 05:29:41,65.28,-126.83,19.4,73,75,12.75
493,Broken Hill,AU,2020-10-15 05:29:41,-31.95,141.43,87.8,14,83,17.22
494,San Andres,CO,2020-10-15 05:29:41,12.58,-81.7,80.6,78,40,4.7
495,Kobryn,BY,2020-10-15 05:29:42,52.21,24.36,46.4,93,90,4.47
496,Beidao,CN,2020-10-15 05:29:42,34.57,105.89,48.36,72,100,3.0
497,Poso,ID,2020-10-15 05:29:43,-1.4,120.75,80.96,76,100,4.81
498,Vestmanna,FO,2020-10-15 05:29:43,62.16,-7.17,42.8,81,88,6.93
499,Yulara,AU,2020-10-15 05:29:43,-25.24,130.99,96.8,7,0,11.41
500,Qaqortoq,GL,2020-10-15 05:29:47,60.72,-46.03,32.0,81,11,3.36
501,Namibe,AO,2020-10-15 05:29:48,-15.2,12.15,64.51,86,19,2.91
502,Port Blair,IN,2020-10-15 05:29:48,11.67,92.75,82.24,78,99,14.58
503,Hay River,CA,2020-10-15 05:29:48,60.82,-115.8,24.8,58,75,24.16
504,Karachi,PK,2020-10-15 05:29:41,24.91,67.08,89.6,14,0,12.75
505,Bati,ET,2020-10-15 05:29:49,11.18,40.02,72.01,52,22,3.33
506,Hami,CN,2020-10-15 05:29:49,42.8,93.45,57.52,34,0,8.72
507,Porto Novo,BJ,2020-10-15 05:29:49,6.5,2.6,77.0,94,20,2.24
508,Ugoofaaru,MV,2020-10-15 05:29:49,5.67,73.0,83.19,76,58,23.29
509,Aleksandrovsk-Sakhalinskiy,RU,2020-10-15 05:29:50,50.9,142.16,36.73,75,100,15.57
510,Erzin,TR,2020-10-15 05:29:50,36.96,36.2,72.0,82,50,1.01
511,La Roda,ES,2020-10-15 05:29:50,39.22,-2.15,39.2,69,0,4.7
512,Hornepayne,CA,2020-10-15 05:29:50,49.21,-84.77,40.55,95,100,11.14
513,Chiredzi,ZW,2020-10-15 05:27:00,-21.05,31.67,66.88,83,100,9.17
514,Rognan,NO,2020-10-15 05:29:51,67.1,15.39,46.0,89,100,3.94
515,Fez,MA,2020-10-15 05:29:52,34.04,-5.0,59.0,67,75,6.93
516,Zhezkazgan,KZ,2020-10-15 05:29:52,47.8,67.71,57.47,39,0,2.46
517,Sapa,PH,2020-10-15 05:29:52,5.15,120.32,82.15,79,91,10.16
518,Celestun,MX,2020-10-15 05:29:53,20.87,-90.4,76.46,82,0,9.24
519,Sao Pedro Do Sul,BR,2020-10-15 05:29:53,-29.62,-54.18,58.68,87,99,8.37
520,Quthing,LS,2020-10-15 05:29:53,-30.4,27.7,67.8,22,0,2.01
521,Beyneu,KZ,2020-10-15 05:29:53,45.32,55.2,59.81,40,0,11.86
522,Puerto Narino,CO,2020-10-15 05:29:54,-3.77,-70.38,73.4,100,75,1.39
523,Penticton,CA,2020-10-15 05:29:44,49.48,-119.59,43.0,75,75,2.24
524,Thohoyandou,ZA,2020-10-15 05:29:54,-22.95,30.48,59.95,72,66,3.91
525,Valparaiso,CL,2020-10-15 05:29:55,-33.04,-71.63,51.8,100,90,2.24
526,Mineral Wells,US,2020-10-15 05:29:55,32.81,-98.11,79.0,73,1,11.41
527,Amuntai,ID,2020-10-15 05:29:55,-2.42,115.25,79.09,89,93,4.65
528,Baghdad,IQ,2020-10-15 05:29:56,33.34,44.4,73.4,31,69,3.36
529,Jinka,ET,2020-10-15 05:29:56,5.65,36.65,68.34,76,24,2.98
530,Tias,ES,2020-10-15 05:29:56,28.96,-13.64,69.8,73,75,12.75
531,Okitipupa,NG,2020-10-15 05:29:57,6.5,4.78,73.33,97,77,1.66
532,Iwanai,JP,2020-10-15 05:29:57,42.97,140.51,44.1,79,97,13.06
533,Chimbarongo,CL,2020-10-15 05:29:57,-34.7,-71.05,57.0,87,0,1.57
534,Dharchula,IN,2020-10-15 05:29:58,29.85,80.53,78.98,21,0,5.32
535,Gondanglegi,ID,2020-10-15 05:29:58,-7.75,112.01,94.1,44,92,13.87
536,Lamu,KE,2020-10-15 05:29:58,-2.27,40.9,80.55,72,55,10.98
537,Teknaf,BD,2020-10-15 05:29:58,20.86,92.31,88.5,64,9,3.58
538,Brae,GB,2020-10-15 05:29:59,60.4,-1.35,44.6,87,99,9.17
539,Torbat-E Jam,IR,2020-10-15 05:29:59,35.24,60.62,59.99,29,0,6.24
540,Denpasar,ID,2020-10-15 05:27:27,-8.65,115.22,87.8,70,20,13.87
541,Vanimo,PG,2020-10-15 05:29:59,-2.67,141.3,84.22,79,72,7.05
542,Lakatoro,VU,2020-10-15 05:30:00,-16.1,167.42,75.2,94,90,14.5
543,Alice Springs,AU,2020-10-15 05:27:07,-23.7,133.88,91.4,11,0,4.7
544,Nizhnevartovsk,RU,2020-10-15 05:30:00,60.93,76.55,32.0,81,34,11.18
545,Skjervoy,NO,2020-10-15 05:30:00,70.03,20.97,41.0,79,75,21.92
546,Luocheng,CN,2020-10-15 05:30:01,29.38,104.03,64.2,63,97,1.63
547,Obera,AR,2020-10-15 05:30:01,-27.49,-55.12,60.78,85,98,3.67
548,Swellendam,ZA,2020-10-15 05:30:02,-34.02,20.44,53.6,93,15,4.7
549,Hernani,ES,2020-10-15 05:30:03,43.27,-1.98,51.01,93,40,6.93
550,Ashland,US,2020-10-15 05:29:40,40.82,-82.27,62.6,51,1,19.46
551,Chabahar,IR,2020-10-15 05:30:04,25.29,60.64,87.8,18,0,1.54
552,Amazar,RU,2020-10-15 05:30:05,53.86,120.88,37.06,68,6,5.95
553,Vizinga,RU,2020-10-15 05:30:05,61.07,50.1,34.0,87,58,4.59
554,Umm Kaddadah,SD,2020-10-15 05:25:07,13.6,26.69,82.69,32,22,6.26
555,Rio Grande,BR,2020-10-15 05:30:06,-32.03,-52.1,56.53,90,93,5.64
556,Coolum Beach,AU,2020-10-15 05:30:06,-26.53,153.1,75.99,60,23,5.01
557,Kinsale,IE,2020-10-15 05:30:07,51.71,-8.53,44.6,93,40,9.17
558,Alugan,PH,2020-10-15 05:30:07,12.22,125.48,83.7,76,100,8.72
